﻿<rubrics schemaversion="v2011"><rubric id="134" name="Rubric Template" type="1" scoring_method="3" display_levels_in_des_order="True" state="2" usage_restrictions="Competency,ePortfolio"><description text_type="text/html"><text>&lt;p&gt;This rubric demonstrates best practices for creating rubrics. Rubrics should always be attached to the activity (dropbox or discussion board) rather than to the grade item.&lt;/p&gt;</text></description><criteria_groups><criteria_group name="Criteria" sort_order="1"><level_set><levels><level name="Level 4" sort_order="1" level_id="104790" /><level name="Level 3" sort_order="2" level_id="104791" /><level name="Level 2" sort_order="3" level_id="104792" /><level name="Level 1" sort_order="4" level_id="104793" /></levels></level_set><criteria><criterion name="Criterion 1 - Be very specific." sort_order="1"><cells><cell level_id="104790" cell_value="4.000000000"><description text_type="text/html"><text>&lt;p&gt;Keep high points on the left side&lt;/p&gt;</text></description><feedback text_type="text/html"><text>&lt;p&gt;Feedback populates the student's individual feedback area when the assignment is graded.&lt;/p&gt;</text></feedback></cell><cell level_id="104791" cell_value="3.000000000"><description text_type="text/html"><text /></description><feedback text_type="text/html"><text /></feedback></cell><cell level_id="104792" cell_value="2.000000000"><description text_type="text/html"><text /></description><feedback text_type="text/html"><text /></feedback></cell><cell level_id="104793" cell_value="1.000000000"><description text_type="text/html"><text /></description><feedback text_type="text/html"><text /></feedback></cell></cells></criterion><criterion name="Criterion 2 - Be very specific" sort_order="2"><cells><cell level_id="104790" cell_value="4.000000000"><description text_type="text/html"><text /></description><feedback text_type="text/html"><text /></feedback></cell><cell level_id="104791" cell_value="3.000000000"><description text_type="text/html"><text /></description><feedback text_type="text/html"><text /></feedback></cell><cell level_id="104792" cell_value="2.000000000"><description text_type="text/html"><text /></description><feedback text_type="text/html"><text /></feedback></cell><cell level_id="104793" cell_value="1.000000000"><description text_type="text/html"><text /></description><feedback text_type="text/html"><text /></feedback></cell></cells></criterion><criterion name="Criterion 3" sort_order="3"><cells><cell level_id="104790" cell_value="4.000000000"><description text_type="text/html"><text /></description><feedback text_type="text/html"><text /></feedback></cell><cell level_id="104791" cell_value="3.000000000"><description text_type="text/html"><text /></description><feedback text_type="text/html"><text /></feedback></cell><cell level_id="104792" cell_value="2.000000000"><description text_type="text/html"><text /></description><feedback text_type="text/html"><text /></feedback></cell><cell level_id="104793" cell_value="1.000000000"><description text_type="text/html"><text /></description><feedback text_type="text/html"><text /></feedback></cell></cells></criterion></criteria></criteria_group></criteria_groups><overall_level_set><overall_levels><overall_level name="Level 1" sort_order="4" range_start_value="0.000000000"><description text_type="text"><text /></description><feedback text_type="text"><text /></feedback></overall_level><overall_level name="Level 2" sort_order="3" range_start_value="5.000000000"><description text_type="text"><text /></description><feedback text_type="text"><text /></feedback></overall_level><overall_level name="Level 3" sort_order="2" range_start_value="8.000000000"><description text_type="text"><text /></description><feedback text_type="text"><text /></feedback></overall_level><overall_level name="Level 4" sort_order="1" range_start_value="11.000000000"><description text_type="text"><text /></description><feedback text_type="text"><text /></feedback></overall_level></overall_levels></overall_level_set></rubric></rubrics>